name,nm
H I, 434.0462
H I,486.12786
H I,486.1287
H I,486.13615
H I,656.2711
H I,656.27248
H I,656.28518





